,Random Forest,Decision Tree,Linear Regression
0,0.8964315659510613,0.8803106593162964,0.9862496971720451
1,0.8964315659510613,0.8803106593162964,1.0427847376228871
2,0.8964315659510613,0.8803106593162964,1.099319778073729
3,0.8964315659510613,0.8803106593162964,1.155854818524571
4,0.8964315659510613,0.8803106593162964,1.2123898589754127
